Role,FirstName,LastName,MiddleInitial,Gender,Username,Password,eMail,License,Rating,Joined,Visits
USER,Wilford,Dickerson,W,F,wdickers,PKZ8Fj{eXjt4,wdickers@hotmail.com,57cd2c2a-0955-4258-afea-0c77b2394834,0.37333846,2008/08/16,315
USER,Ma`Tajha,Ramirez-Flores,Y,F,mramirez,tCFkw&Z47,mramirez@yahoo.com,8c39d69d-9136-4478-a4af-382ada6b0be3,2.1460128,2014/04/03,870
USER,Chanel,Feeney,E,F,cfeeney,mokQ5n=4N,cfeeney@yahoo.com,1597d893-9134-484a-94e0-82cbe6ce2754,4.648824,2007/12/30,137
USER,Rafe,Lemons,K,M,rlemons,SyXZzo{Ry-_if25,rlemons@yahoo.com,2dd96ca0-34dd-4b0d-8a20-1091afc7eb26,4.1546993,2013/06/15,349
USER,Estel,Samuel,Z,M,esamuel,MF}d}w44,esamuel@hotmail.com,f89b5e7c-11e2-4972-8d86-73a5f8df2b9d,2.1353853,2014/02/06,675
HOLDER,Jonieca,Hawthorne,S,F,jhawthor,cm2dwbHfTRL{j6,jhawthor@home.com,8790d031-4cea-4c93-816a-2fd4dc839899,4.008518,2010/11/08,220
HOLDER,Evangela,Adkison,V,M,eadkison,K$K4ix2,eadkison@gmail.com,5bd47aef-2438-4f26-829e-8d17cf70c8d6,4.036631,2010/09/18,943
USER,Kim,Bechtelar,J,M,kbechtel,3QfqYcSgH2,kbechtel@yahoo.com,34772e75-fc12-4d9a-a40f-005e3887d272,3.0824053,2006/04/24,375
HOLDER,Leonel,Ferguson,F,M,lferguso,pKjzE54,lferguso@home.com,1fee218a-edc3-42e1-85e4-657b21bcdeff,0.7483122,2006/09/22,444
USER,Leola,Murov,U,F,lmurov,ygrc{i4aHPZc3,lmurov@home.com,d727207a-4a7e-45d3-9f1f-8e0a737cc5fb,0.72887063,2009/08/20,204
HOLDER,Leondre,Strange,L,M,lstrange,HsYj6JC9qAB-,lstrange@hotmail.com,6fa8f97e-f2bc-438b-8fdd-1e6ea3e9c419,3.9020326,2012/01/18,385
ADMIN,Tydajhia,Gaskin,S,F,tgaskin,2CAik2,tgaskin@home.com,6f03b01e-6383-4729-ae26-6d3d1444ae2c,1.9238144,2011/12/14,749
USER,Milo,Roblow,A,M,mroblow,2jQnCgj3,mroblow@yahoo.com,b5cc531d-b1a9-49d6-94bc-3a3062146935,1.971878,2014/03/11,686
HOLDER,Domonesha,Lout,F,F,dlout,KYtZK8t4,dlout@hotmail.com,0b0e5b94-592a-4ac0-b986-0f1b0605b361,1.4035604,2007/06/07,182
USER,Jalon,Coutee,C,F,jcoutee,fW%8K8RDb,jcoutee@gmail.com,73569929-4869-4261-99a6-d44d0aada503,2.0150304,2005/12/27,947
USER,Bladen,Manrique,O,M,bmanriqu,WcBs+e7=A=L%N2,bmanriqu@gmail.com,ed579125-95e1-48ee-a6e0-9d8438c5d1b9,1.4630532,2011/12/24,829
USER,Tomasa,Tillman,U,F,ttillman,Y6$x&AnEJ*D6NT,ttillman@home.com,e73fcf2f-c635-446d-8bbc-e6f1603e8742,1.5929208,2011/05/17,621
HOLDER,Mackenzie,Mcclain,Y,M,mmcclain,f2y6LG,mmcclain@yahoo.com,4613d069-3ffb-49d7-a7ce-a2973f757ce9,4.106819,2012/01/31,374
USER,Gwendolyn,Williamson,G,F,gwilliam,_JicT83,gwilliam@home.com,c3e31100-a066-46da-a688-4acc9465d44a,4.334742,2012/06/25,798
USER,Carlee,Stubbs,B,M,cstubbs,9ZM4ad,cstubbs@yahoo.com,c2f7408c-db27-4df8-be66-a9be829d048b,3.9227571,2010/07/14,692
USER,Taryn,Enriquez-Jimenez,A,M,tenrique,2b-ZaSktdNQ7N$c,tenrique@hotmail.com,b6636c20-7f2c-4c37-a191-76738b461b1a,0.4312089,2011/11/22,125
HOLDER,Preston,Faure,W,M,pfaure,Wbt25g+{G{!,pfaure@home.com,2e03b59f-db55-4ad4-97d6-a62374121f3e,0.39863735,2011/03/22,656
USER,Harvey,Laughlin,Q,M,hlaughli,TGmXRt?58,hlaughli@hotmail.com,87c7984a-be8a-4d7f-a744-ac5b79563285,4.6603165,2007/01/28,138
USER,Rowland,Chase,S,M,rchase,Gs$*NmM47ir6j,rchase@home.com,3058a7e4-9e94-4da9-b4b8-a2c8681b6688,3.5867763,2012/11/24,323
USER,Eveline,Logue,S,F,elogue,378q_xKF,elogue@home.com,0d9711ed-ed2c-4498-bdb3-408f8c0ceec6,4.565299,2006/03/03,12
HOLDER,Henri,Puckett,O,F,hpuckett,Lo%+=W_{c5dcoL7,hpuckett@hotmail.com,7cb724cb-7380-4edb-bf51-42d89167c28f,3.3810008,2011/03/15,53
USER,Lainey,Sun,C,M,lsun,Nr**%oM+JM64,lsun@yahoo.com,32d20bc9-45f8-49d8-9b4e-785224b67adf,2.9349275,2009/10/01,483
USER,Alivia,Hunsicker,B,M,ahunsick,7aEMn3,ahunsick@yahoo.com,95c9c595-cd61-4167-af0d-4682be1ae1b1,3.8832996,2008/08/16,957
ADMIN,Shanna,Stroman,V,F,sstroman,2pmdN7H,sstroman@yahoo.com,05ba3560-c4a7-4d9b-ad6d-a6bc46539e3d,2.107806,2010/06/30,803
USER,Allen,Brittentine,F,F,abritten,*34{TR$3ns8tk,abritten@home.com,161d336f-1987-4fd1-a3ca-5b7436f75dce,1.9904995,2006/11/10,348
USER,Andreanne,Rougley,V,M,arougley,br!%yF6iGFDk7,arougley@gmail.com,2cfc4e44-ab10-48a4-b49e-e978cd2708e1,2.5775228,2012/05/04,547
USER,Stanford,Zheng,L,F,szheng,FGtp57,szheng@home.com,6a0df29c-ea65-4273-9c45-fd6fe9e7c0a9,2.3778257,2013/06/03,146
HOLDER,Lontravious,Rowan,B,F,lrowan,DmEzBaj$NdH77j,lrowan@yahoo.com,e0b1b3b7-10f2-4032-be80-e55b62e744db,2.5415916,2012/11/18,191
USER,Glennie,Spikes,M,M,gspikes,sir88A9m!K,gspikes@yahoo.com,c7e8c798-10dd-44f4-8076-22108386ba54,1.7423525,2012/05/24,294
USER,Josianne,Smith,J,F,jsmith,HTJ4q3f,jsmith@home.com,6f8219ca-0a38-42c3-904e-7ca15311995b,0.019376576,2014/09/19,18
USER,Isai,Metcalf,N,F,imetcalf,3Y=BK9o8!j,imetcalf@hotmail.com,4d05d100-38eb-4076-aa49-14fc98200f36,4.2460527,2014/08/02,933
USER,Ebony,Hyatt,H,M,ehyatt,JkaA+=73,ehyatt@gmail.com,04bff63e-f4d9-4be5-9f6e-3c0c98f890bf,2.949719,2014/07/22,867
USER,Suyoung,Durano,H,M,sdurano,gCiRb{m38,sdurano@hotmail.com,fde163a5-9300-4543-b715-5decedf8ca53,3.6866083,2007/03/27,698
USER,Cheri,Graves,P,F,cgraves,?GGYd$s33,cgraves@yahoo.com,bdb4a53f-ffa5-4521-b7e6-5a7d76164355,0.94934016,2007/07/03,84
USER,Jalyah,Edmiston,V,F,jedmisto,a+n85S4N,jedmisto@home.com,4c197518-9120-4e8a-a597-09e32dbbbe2d,4.1789618,2014/01/26,17
USER,Za`Kabreon,Liddle,R,F,zliddle,87DJbt,zliddle@hotmail.com,d7938562-31ae-4ddb-a178-49d2939e318d,1.5194511,2010/04/24,174
USER,Idella,Bayer,N,M,ibayer,2pfWH_g5,ibayer@home.com,b991a13b-fd8d-4df7-b6a7-f6aad98d4f38,1.8755287,2008/07/07,83
USER,Conor,Shen,O,M,cshen,r!ipiD&6N9437,cshen@gmail.com,548c2b87-8a2f-46f3-8d72-4fc5d3d1e52f,4.2489824,2013/01/18,284
USER,Maddalyn,Egan,D,M,megan,xLpBoWj82,megan@yahoo.com,9738900b-394f-440e-ab21-1d772ba3c763,1.0475347,2011/10/21,57
USER,Cynai,Minion,L,M,cminion,+MXM!ekxN6Mgp4,cminion@gmail.com,9e1c67e2-39f6-48c3-b730-3fd67f1a1a2d,0.70173115,2007/02/23,297
USER,Bertrand,Studivant,D,F,bstudiva,RoFyypt%y2ws7!,bstudiva@hotmail.com,cdf45a75-bf2c-4c27-805d-d9dcb6e3ab0a,4.4736233,2013/07/29,982
ADMIN,Rollin,Grant,G,M,rgrant,ici!gnXT33,rgrant@yahoo.com,282f8e89-774c-4818-b8a1-d9984b62aaf7,2.6181726,2007/01/07,408
USER,Beth,Carbine,N,M,bcarbine,jPiBb!CF23,bcarbine@yahoo.com,b1b365c9-51fa-4554-bab1-c11c8832f506,3.2072692,2009/05/24,325
USER,Keneisha,Thibodeaux,F,F,kthibode,%mJY2qL7,kthibode@home.com,9f14b00c-fea1-4e74-a417-9049f4670f32,3.980534,2008/02/07,676
USER,Nekierstin,Simo,E,F,nsimo,?x?p74mJGWK{,nsimo@gmail.com,63075636-3fec-497f-806d-d962106f20e2,1.6484237,2011/08/17,302

